{"setup":{"simulationLength":20,"warmUp":10,"hrus":606,"subbasins":25,"outputTimestep":"Monthly","precipMethod":"Measured","watershedArea":8445.562,"swatVersion":"SWAT Dec 23 2016    VER 2016/Rev 664"},"hydrology":{"warnings":["Water yield may be excessive"],"et":1006.0,"pet":1359.9,"precipitation":2653.3,"averageCN":162.25342016363163,"surfaceRunoff":935.61,"lateralFlow":198.97,"returnFlow":457.85,"percolation":509.4,"revap":26.83,"recharge":25.47,"streamflowPrecipitation":0.6001696001206045,"baseflowTotalFlow":0.4124639701588139,"surfaceRunoffTotalFlow":0.5875360298411861,"percolationPrecipitation":0.19198733652432817,"deepRechargePrecipitation":0.00959936682621641,"etPrecipitation":0.3791504918403497,"monthlyBasinValues":[{"id":1,"mon":1,"rain":111.7,"snowFall":0.0,"surfQ":22.6,"latQ":10.31,"waterYield":79.78,"et":46.11,"sedYield":3.76,"pet":63.87},{"id":2,"mon":2,"rain":69.09,"snowFall":0.0,"surfQ":8.02,"latQ":5.52,"waterYield":47.86,"et":54.66,"sedYield":1.58,"pet":82.33},{"id":3,"mon":3,"rain":63.86,"snowFall":0.0,"surfQ":6.27,"latQ":4.04,"waterYield":32.66,"et":75.28,"sedYield":0.77,"pet":124.28},{"id":4,"mon":4,"rain":80.99,"snowFall":0.0,"surfQ":12.09,"latQ":4.82,"waterYield":24.22,"et":100.02,"sedYield":1.29,"pet":151.59},{"id":5,"mon":5,"rain":236.93,"snowFall":0.0,"surfQ":58.9,"latQ":15.9,"waterYield":77.68,"et":113.6,"sedYield":2.15,"pet":154.26},{"id":6,"mon":6,"rain":391.39,"snowFall":0.0,"surfQ":146.97,"latQ":28.64,"waterYield":188.0,"et":120.6,"sedYield":4.13,"pet":134.27},{"id":7,"mon":7,"rain":362.03,"snowFall":0.0,"surfQ":142.16,"latQ":28.9,"waterYield":206.72,"et":116.29,"sedYield":3.11,"pet":145.47},{"id":8,"mon":8,"rain":363.48,"snowFall":0.0,"surfQ":144.61,"latQ":27.98,"waterYield":224.92,"et":107.25,"sedYield":4.67,"pet":143.32},{"id":9,"mon":9,"rain":387.97,"snowFall":0.0,"surfQ":164.89,"latQ":28.97,"waterYield":254.33,"et":99.32,"sedYield":14.27,"pet":124.55},{"id":10,"mon":10,"rain":313.7,"snowFall":0.0,"surfQ":144.82,"latQ":22.47,"waterYield":244.31,"et":75.86,"sedYield":16.58,"pet":96.85},{"id":11,"mon":11,"rain":154.74,"snowFall":0.0,"surfQ":54.57,"latQ":11.85,"waterYield":138.88,"et":52.26,"sedYield":6.72,"pet":75.56},{"id":12,"mon":12,"rain":116.91,"snowFall":0.0,"surfQ":29.66,"latQ":9.53,"waterYield":98.19,"et":44.35,"sedYield":3.99,"pet":62.91},{"id":13,"mon":1,"rain":111.7,"snowFall":0.0,"surfQ":22.6,"latQ":10.31,"waterYield":79.78,"et":46.11,"sedYield":3.76,"pet":63.87},{"id":14,"mon":2,"rain":69.09,"snowFall":0.0,"surfQ":8.02,"latQ":5.52,"waterYield":47.86,"et":54.66,"sedYield":1.58,"pet":82.33},{"id":15,"mon":3,"rain":63.86,"snowFall":0.0,"surfQ":6.27,"latQ":4.04,"waterYield":32.66,"et":75.28,"sedYield":0.77,"pet":124.28},{"id":16,"mon":4,"rain":80.99,"snowFall":0.0,"surfQ":12.09,"latQ":4.82,"waterYield":24.22,"et":100.02,"sedYield":1.29,"pet":151.59},{"id":17,"mon":5,"rain":236.93,"snowFall":0.0,"surfQ":58.9,"latQ":15.9,"waterYield":77.68,"et":113.6,"sedYield":2.15,"pet":154.26},{"id":18,"mon":6,"rain":391.39,"snowFall":0.0,"surfQ":146.97,"latQ":28.64,"waterYield":188.0,"et":120.6,"sedYield":4.13,"pet":134.27},{"id":19,"mon":7,"rain":362.03,"snowFall":0.0,"surfQ":142.16,"latQ":28.9,"waterYield":206.72,"et":116.29,"sedYield":3.11,"pet":145.47},{"id":20,"mon":8,"rain":363.48,"snowFall":0.0,"surfQ":144.61,"latQ":27.98,"waterYield":224.92,"et":107.25,"sedYield":4.67,"pet":143.32},{"id":21,"mon":9,"rain":387.97,"snowFall":0.0,"surfQ":164.89,"latQ":28.97,"waterYield":254.33,"et":99.32,"sedYield":14.27,"pet":124.55},{"id":22,"mon":10,"rain":313.7,"snowFall":0.0,"surfQ":144.82,"latQ":22.47,"waterYield":244.31,"et":75.86,"sedYield":16.58,"pet":96.85},{"id":23,"mon":11,"rain":154.74,"snowFall":0.0,"surfQ":54.57,"latQ":11.85,"waterYield":138.88,"et":52.26,"sedYield":6.72,"pet":75.56},{"id":24,"mon":12,"rain":116.91,"snowFall":0.0,"surfQ":29.66,"latQ":9.53,"waterYield":98.19,"et":44.35,"sedYield":3.99,"pet":62.91}]},"sediment":{"warnings":["Average sediment yield is greater than 10 metric ton per ha. This is very high for a basin average.","Max sediment yield is greater than 50 metric ton per ha in at least one HRU. The highest value is from HRU#: 254, subbasin#: 23, crop: AGRL, soil: LIVINGST"],"surfaceRunoff":935.61,"maxUplandSedimentYield":1921.85,"avgUplandSedimentYield":63.04,"inletSediment":0.0,"inStreamSedimentChange":-119.60823921486812},"nitrogenCycle":{"warnings":["Ammonia volatilization is less than 0.1% of the applied fertilizer amount","Nitrate is being removed from the soil profile, the simulation ends with 92.3% less"],"initialNO3":56.541,"finalNO3":4.379,"initialOrgN":12621.022,"finalOrgN":11387.668,"volatilization":0.0,"denitrification":3.83,"nH4InOrgNFertilizer":0.0,"nO3InOrgNFertilizer":21.633,"plantUptake":30.237,"nitrification":0.0,"mineralization":13.195,"totalFertilizerN":21.633,"orgNFertilizer":0.0,"activeToStableOrgN":-11.942,"residueMineralization":4.591,"avgAnnualByLandUse":[{"lulc":"AGRL","n_APP":0.0,"nauto":251.66902941176468,"ngrz":0.0,"ncfrt":0.0,"nrain":0.0,"nfix":0.0,"f_MN":31.869970588235287,"a_MN":13.649117647058826,"a_SN":-10.188705882352938,"dnit":14.620588235294122,"nup":245.46261764705886,"orgn":110.07105882352943,"nsurq":9.238499999999998,"nlatq":4.358499999999999,"nO3L":7.770029411764707,"nO3GW":0.07073529411764705},{"lulc":"BERM","n_APP":0.0,"nauto":307.2178124999999,"ngrz":0.0,"ncfrt":0.0,"nrain":0.0,"nfix":0.0,"f_MN":46.35074999999999,"a_MN":16.4019375,"a_SN":-8.80625,"dnit":12.020625,"nup":316.0510625,"orgn":27.74475,"nsurq":9.161999999999999,"nlatq":0.3405,"nO3L":17.180812500000002,"nO3GW":0.1959375},{"lulc":"FRSD","n_APP":0.0,"nauto":0.0,"ngrz":0.0,"ncfrt":0.0,"nrain":0.0,"nfix":0.0,"f_MN":1.4092765957446807,"a_MN":13.527191489361694,"a_SN":-12.478372340425533,"dnit":2.5380957446808505,"nup":9.01376595744681,"orgn":36.385404255319145,"nsurq":0.10431914893617023,"nlatq":0.3072765957446808,"nO3L":2.0193723404255333,"nO3GW":0.028276595744680832},{"lulc":"FRSE","n_APP":0.0,"nauto":0.0,"ngrz":0.0,"ncfrt":0.0,"nrain":0.0,"nfix":0.0,"f_MN":1.7279531250000002,"a_MN":13.710031250000004,"a_SN":-12.555968750000003,"dnit":2.4175781250000004,"nup":10.529968750000002,"orgn":22.706734375,"nsurq":0.075359375,"nlatq":0.20879687499999997,"nO3L":1.4132343750000003,"nO3GW":0.025140624999999972},{"lulc":"FRST","n_APP":0.0,"nauto":0.0,"ngrz":0.0,"ncfrt":0.0,"nrain":0.0,"nfix":0.0,"f_MN":1.2480624999999996,"a_MN":11.436812499999998,"a_SN":-10.505187500000002,"dnit":1.1684375,"nup":7.760875,"orgn":23.0396875,"nsurq":0.047000000000000014,"nlatq":0.4035000000000001,"nO3L":2.1923125000000003,"nO3GW":0.05675},{"lulc":"PAST","n_APP":0.0,"nauto":0.0,"ngrz":0.0,"ncfrt":0.0,"nrain":0.0,"nfix":0.0,"f_MN":0.8980980392156858,"a_MN":12.936254901960787,"a_SN":-12.016058823529413,"dnit":2.043921568627452,"nup":9.53380392156863,"orgn":62.111333333333306,"nsurq":0.03913725490196076,"nlatq":0.14176470588235293,"nO3L":1.56678431372549,"nO3GW":0.018000000000000006},{"lulc":"RNGB","n_APP":0.0,"nauto":0.0,"ngrz":0.0,"ncfrt":0.0,"nrain":0.0,"nfix":0.0,"f_MN":1.241357142857143,"a_MN":15.001785714285717,"a_SN":-13.99607142857143,"dnit":3.1651428571428575,"nup":9.5485,"orgn":47.09735714285714,"nsurq":0.07671428571428572,"nlatq":0.004214285714285715,"nO3L":3.103285714285714,"nO3GW":0.06892857142857144},{"lulc":"WATR","n_APP":0.0,"nauto":0.0,"ngrz":0.0,"ncfrt":0.0,"nrain":0.0,"nfix":0.0,"f_MN":0.0,"a_MN":0.0,"a_SN":0.0,"dnit":0.0,"nup":0.0,"orgn":0.0,"nsurq":0.0,"nlatq":0.0,"nO3L":0.0,"nO3GW":0.0},{"lulc":"WETF","n_APP":0.0,"nauto":0.0,"ngrz":0.0,"ncfrt":0.0,"nrain":0.0,"nfix":0.0,"f_MN":1.5713333333333335,"a_MN":19.864,"a_SN":-18.621333333333336,"dnit":3.174,"nup":12.607,"orgn":46.571333333333335,"nsurq":0.13733333333333334,"nlatq":0.005,"nO3L":5.134,"nO3GW":0.10633333333333334}],"avgAnnualDefinitions":{"lulc":"Cover/plant character code","n_APP":"Nitrogen fertilizer applied (kg N/ha)","nauto":"Nitrogen fertilizer auto-applied (kg N/ha)","ngrz":"Nitrogen applied during grazing operation (kg N/ha)","ncfrt":"Nitrogen applied during continuous fertilizer operation (kg N/ha)","nrain":"Nitrate added to soil profile by rain (kg N/ha)","nfix":"Nitrogen fixation (kg N/ha)","f_MN":"Fresh organic to mineral N (kg N/ha)","a_MN":"Active organic to mineral N (kg N/ha)","a_SN":"Active organic to stable organic N (kg N/ha)","dnit":"Denitrification (kg N/ha)","nup":"Plant uptake of nitrogen (kg N/ha)","orgn":"Organic N yield (kg N/ha)","nsurq":"NO3 in surface runoff (kg N/ha)","nlatq":"NO3 in lateral flow (kg N/ha)","nO3L":"NO3 leached from the soil profile (kg N/ha)","nO3GW":"NO3 transported into main channel in the groundwater loading from the HRU (kg N/ha)"}},"phosphorusCycle":{"warnings":[],"initialMinP":4183.925,"finalMinP":3999.834,"initialOrgP":1546.074,"finalOrgP":1384.697,"totalFertilizerP":0.0,"inOrgPFertilizer":0.0,"plantUptake":6.006,"orgPFertilizer":0.0,"residueMineralization":0.949,"mineralization":2.246,"activeSolution":-3.747,"stableActive":-2.66,"avgAnnualByLandUse":[{"lulc":"AGRL","p_APP":0.0,"pauto":0.0,"pgrz":0.0,"pcfrt":0.0,"f_MP":6.364058823529412,"aO_LP":2.330941176470588,"l_AP":-35.163088235294104,"a_SP":-30.06161764705882,"pup":43.00138235294118,"orgp":17.25641176470588,"sedp":5.835147058823532,"solp":0.12873529411764703,"p_GW":0.0},{"lulc":"BERM","p_APP":0.0,"pauto":0.0,"pgrz":0.0,"pcfrt":0.0,"f_MP":8.461125000000001,"aO_LP":2.806875,"l_AP":-47.22800000000001,"a_SP":-40.9311875,"pup":57.562000000000005,"orgp":3.650187500000001,"sedp":3.1425,"solp":0.22812500000000008,"p_GW":0.0},{"lulc":"FRSD","p_APP":0.0,"pauto":0.0,"pgrz":0.0,"pcfrt":0.0,"f_MP":0.3662021276595745,"aO_LP":2.3036702127659567,"l_AP":-0.4532765957446808,"a_SP":0.1084255319148936,"pup":2.36681914893617,"orgp":4.453148936170213,"sedp":3.8877340425531903,"solp":0.097531914893617,"p_GW":0.0},{"lulc":"FRSE","p_APP":0.0,"pauto":0.0,"pgrz":0.0,"pcfrt":0.0,"f_MP":0.466453125,"aO_LP":2.3350781250000003,"l_AP":-1.0651406250000002,"a_SP":-0.5890468750000002,"pup":2.842984375,"orgp":2.77571875,"sedp":2.441265625,"solp":0.14353124999999997,"p_GW":0.0},{"lulc":"FRST","p_APP":0.0,"pauto":0.0,"pgrz":0.0,"pcfrt":0.0,"f_MP":0.34531249999999997,"aO_LP":1.947875,"l_AP":-0.8143749999999998,"a_SP":-0.499625,"pup":2.1468125000000002,"orgp":2.818125,"sedp":2.0921250000000002,"solp":0.0744375,"p_GW":0.0},{"lulc":"PAST","p_APP":0.0,"pauto":0.0,"pgrz":0.0,"pcfrt":0.0,"f_MP":0.2531960784313726,"aO_LP":2.2030980392156865,"l_AP":-0.7355882352941177,"a_SP":0.30364705882352944,"pup":2.6871764705882355,"orgp":7.653058823529408,"sedp":6.76337254901961,"solp":0.01237254901960785,"p_GW":0.0},{"lulc":"RNGB","p_APP":0.0,"pauto":0.0,"pgrz":0.0,"pcfrt":0.0,"f_MP":0.2645,"aO_LP":2.5533571428571427,"l_AP":-0.2702142857142857,"a_SP":0.5049999999999999,"pup":2.0287857142857137,"orgp":5.750285714285714,"sedp":5.248714285714286,"solp":0.0502857142857143,"p_GW":0.0},{"lulc":"WATR","p_APP":0.0,"pauto":0.0,"pgrz":0.0,"pcfrt":0.0,"f_MP":0.0,"aO_LP":0.0,"l_AP":0.0,"a_SP":0.0,"pup":0.0,"orgp":0.0,"sedp":0.0,"solp":0.0,"p_GW":0.0},{"lulc":"WETF","p_APP":0.0,"pauto":0.0,"pgrz":0.0,"pcfrt":0.0,"f_MP":0.3463333333333334,"aO_LP":3.3810000000000002,"l_AP":-0.057000000000000016,"a_SP":0.4963333333333333,"pup":2.6806666666666668,"orgp":5.713,"sedp":4.644,"solp":0.035,"p_GW":0.0}],"avgAnnualDefinitions":{"lulc":"Cover/plant character code","p_APP":"Phosphorus fertilizer applied (kg P/ha)","pauto":"Phosphorus fertilizer auto-applied (kg P/ha)","pgrz":"Phosphorus applied during grazing operation (kg P/ha)","pcfrt":"Phosphorus applied during continuous fertilizer operation (kg P/ha)","f_MP":"Fresh organic to mineral P (kg P/ha)","aO_LP":"Organic to labile mineral P (kg P/ha)","l_AP":"Labile to active mineral P (kg P/ha)","a_SP":"Active to stable P (kg P/ha)","pup":"Plant uptake of phosphorus (kg P/ha)","orgp":"Organic P yield (kg P/ha)","sedp":"Sediment P yield (kg P/ha)","solp":"Soluble P yield (kg P/ha)","p_GW":"Soluble phosphorus transported by groundwater flow into main channel during the time step (kg P/ha)"}},"plantGrowth":{"warnings":["More than 100 days of nitrogen stress","Unusually low phosphorus stress"],"tempStressDays":3.27,"waterStressDays":1.12,"nStressDays":81.79,"pStressDays":0.0,"avgBiomass":17.721477931178526,"avgYield":11.13036458705767,"nRemoved":21.32,"pRemoved":4.184,"totalFertilizerN":21.633,"totalFertilizerP":0.0,"plantUptakeN":30.237,"plantUptakeP":6.006},"landscapeNutrientLosses":{"warnings":["Total nitrogen losses are greater than 40% of applied N","Organic/Particulate nitrogen losses in surface runoff may be high","Solubility ratio for nitrogen in runoff is low","Solubility ratio for phosphorus in runoff is low, may indicate a problem","Nitrate leaching is less than 21% of the applied fertilizer."],"nLosses":{"totalLoss":48.284,"orgN":44.218,"surfaceRunoff":0.727,"leached":3.104,"lateralFlow":0.188,"groundwaterYield":0.047,"solubilityRatio":0.016175325397708308},"pLosses":{"totalLoss":5.764,"orgP":5.663,"surfaceRunoff":0.101,"solubilityRatio":0.017522553782095766}},"landUseSummary":{"warnings":["Crop AGRL: sediment yield may be too high","Crop AGRL: surface runoff may be excessive","Crop BERM: more than 1/2 precipitation is runoff","Crop BERM: surface runoff may be excessive","Crop BERM: less than 22% of water yield is baseflow","Crop FRSD: surface runoff may be excessive","Crop FRSE: surface runoff may be excessive","Crop FRST: ET less than 31% of irrigation water + precip","Crop FRST: precipitation greater than 3400mm/yr","Crop PAST: sediment yield may be too high","Crop PAST: surface runoff may be excessive","Crop RNGB: surface runoff may be excessive","Crop WETF: sediment yield may be too high","Crop WETF: surface runoff may be excessive"],"hruLevelWarnings":[],"landUseRows":[{"landUse":"AGRL","area":1345.0750000000003,"cn":87.00000000000001,"awc":220.61396050034375,"uslE_LS":1.4129323792353579,"irr":0.0,"prec":1944.9029536048174,"surq":770.9934845268853,"gwq":296.4448825604519,"et":840.4819188892814,"sed":281.1695666412653,"nO3":8.26067130085683,"orgn":110.18847169860413,"biom":23.15523184209058,"yld":8.024938683716519},{"landUse":"BERM","area":143.2746,"cn":84.66258767429817,"awc":240.57715595088038,"uslE_LS":0.4821840019096197,"irr":0.0,"prec":2947.6511355676453,"surq":1483.295828123059,"gwq":305.13690317753463,"et":1116.5426333209095,"sed":6.1755188707558775,"nO3":10.444337558785715,"orgn":29.975683729007095,"biom":31.11953379035782,"yld":21.702651719146314},{"landUse":"FRSD","area":9302.0864,"cn":80.62643116279808,"awc":241.1979126123791,"uslE_LS":1.7895968192684168,"irr":0.0,"prec":2896.1340963031694,"surq":1041.4862026241772,"gwq":798.1473103947948,"et":1005.5329863648662,"sed":6.023172818949523,"nO3":0.24051891111224244,"orgn":30.31357772510046,"biom":9.57769507430075,"yld":6.703933259316964},{"landUse":"FRSE","area":1287.5262000000005,"cn":73.92696738909078,"awc":239.5043023870116,"uslE_LS":1.5444345536424808,"irr":0.0,"prec":2717.842859834618,"surq":799.7082342541843,"gwq":847.3013767937299,"et":1013.2496750869994,"sed":1.784028854713791,"nO3":0.16502263487919702,"orgn":20.58816490258605,"biom":11.7627742208275,"yld":8.233075668673765},{"landUse":"FRST","area":185.63580000000002,"cn":74.00772157094697,"awc":270.7719172702679,"uslE_LS":2.3604673344257954,"irr":0.0,"prec":3777.126989427686,"surq":976.6805670888912,"gwq":1729.612038647718,"et":1007.4999335903955,"sed":6.5583512555229095,"nO3":0.4176716129108716,"orgn":24.163555682686205,"biom":8.366080400440003,"yld":5.861490046639709},{"landUse":"PAST","area":3695.557780000001,"cn":83.74342168180088,"awc":223.121193400364,"uslE_LS":1.0685664111034407,"irr":0.0,"prec":2134.0060743374975,"surq":793.470574559708,"gwq":296.3551169313878,"et":1005.4764330864823,"sed":164.94066349708103,"nO3":0.0694611466201998,"orgn":67.54362413887084,"biom":1.4628933382283624,"yld":1.0206131959327664},{"landUse":"RNGB","area":772.94,"cn":75.61725360312572,"awc":258.0577975004529,"uslE_LS":0.17370378037105078,"irr":0.0,"prec":2964.316560146971,"surq":847.0630895024191,"gwq":898.9310658007088,"et":1142.171953321086,"sed":10.66303775196005,"nO3":0.05040468859161125,"orgn":36.22106890573654,"biom":2.5159875281393123,"yld":1.7538277227210393},{"landUse":"WATR","area":104.08200000000002,"cn":91.99999999999996,"awc":261.9164908437578,"uslE_LS":0.9041384677465844,"irr":0.0,"prec":2854.2538738686794,"surq":0.0,"gwq":0.0,"et":1836.9708958321319,"sed":0.0,"nO3":0.0,"orgn":0.0,"biom":0.0,"yld":0.0},{"landUse":"WETF","area":58.34,"cn":81.46348988687006,"awc":290.6509770311964,"uslE_LS":0.2458381899211519,"irr":0.0,"prec":2999.64,"surq":1252.164538909839,"gwq":483.65634898868694,"et":1208.3263798423036,"sed":137.58177579705176,"nO3":0.27061364415495365,"orgn":66.80918066506685,"biom":15.808930407953374,"yld":15.808930407953374}]},"instreamProcesses":{"warnings":["More than 95% of sediment is deposited instream"],"reaches":[{"id":1,"sediment":100.0,"phosphorus":90.11780496395798,"nitrogen":98.8841438293131},{"id":2,"sediment":100.0,"phosphorus":99.90476190476191,"nitrogen":99.88902057748311},{"id":3,"sediment":100.0,"phosphorus":97.9303283052796,"nitrogen":99.69889731369805},{"id":4,"sediment":100.33031159393695,"phosphorus":99.19314436387607,"nitrogen":99.06304488345185},{"id":5,"sediment":74.5881762689188,"phosphorus":98.8038576285298,"nitrogen":98.72124307409658},{"id":6,"sediment":100.0,"phosphorus":82.89355391793755,"nitrogen":98.72015705621287},{"id":7,"sediment":26.77090079254942,"phosphorus":98.90147916068914,"nitrogen":98.87308584877486},{"id":8,"sediment":65.34628867971402,"phosphorus":99.5168390824927,"nitrogen":99.50927279995987},{"id":9,"sediment":100.0,"phosphorus":99.99499470260015,"nitrogen":99.99829229783444},{"id":10,"sediment":100.0,"phosphorus":98.91979175232524,"nitrogen":99.9500479483253},{"id":11,"sediment":53.260275635966245,"phosphorus":99.39922888187873,"nitrogen":99.47617106293688},{"id":12,"sediment":36.159573841897696,"phosphorus":98.74367962545168,"nitrogen":99.43902371324917},{"id":13,"sediment":100.0,"phosphorus":99.92825533221311,"nitrogen":99.9664100148079},{"id":14,"sediment":17.840621883410524,"phosphorus":97.45920940796165,"nitrogen":99.05678771572519},{"id":15,"sediment":5.805088814210273,"phosphorus":94.4256545935307,"nitrogen":98.24973296892131},{"id":16,"sediment":99.65770429454334,"phosphorus":97.67016644603119,"nitrogen":98.92730184658525},{"id":17,"sediment":100.0,"phosphorus":99.26433853567656,"nitrogen":99.83334884677942},{"id":18,"sediment":100.0,"phosphorus":90.55536847288151,"nitrogen":99.54141248891781},{"id":19,"sediment":5.432774324128958,"phosphorus":95.64941298976456,"nitrogen":98.73934924345751},{"id":20,"sediment":100.0,"phosphorus":97.60422040370516,"nitrogen":99.62802963111346},{"id":21,"sediment":1.5638185333349546,"phosphorus":89.21124109376287,"nitrogen":93.35193278256459},{"id":22,"sediment":100.0,"phosphorus":99.50007084233138,"nitrogen":99.89929164814974},{"id":23,"sediment":100.0,"phosphorus":97.32103474669893,"nitrogen":99.72865795874974},{"id":24,"sediment":100.0,"phosphorus":95.7726017309431,"nitrogen":99.4836615590543},{"id":25,"sediment":100.0,"phosphorus":98.78981098651565,"nitrogen":99.86716218329856}],"uplandSedimentYield":63.04,"instreamSedimentChange":-119.60823921486812,"channelErosion":null,"channelDeposition":189.73388200328068,"totalN":-3.0254467357425425,"totalP":-4.9462262569927,"totalStreamflowLosses":0.829009501533118,"evaporationLoss":0.829009501533118,"seepageLoss":0.0},"pointSources":{"warnings":["Inlets/point source not present"],"subbasinLoad":{"flow":1634.3067913909802,"sediment":194658300.0,"nitrogen":178172558.0,"phosphorus":40778638.0},"pointSourceInletLoad":{"flow":0.0,"sediment":0.0,"nitrogen":0.0,"phosphorus":0.0},"fromInletAndPointSource":{"flow":0.0,"sediment":0.0,"nitrogen":0.0,"phosphorus":0.0}},"reservoirs":{"warnings":["No output.rsv data available."],"reservoirRows":[],"avgTrappingEfficiencies":{"sediment":null,"phosphorus":null,"nitrogen":null},"avgWaterLosses":{"totalRemoved":null,"evaporation":null,"seepage":null},"avgReservoirTrends":{"numberReservoirs":0,"maxVolume":null,"minVolume":null,"fractionEmpty":null}}}