{"setup":{"simulationLength":31,"warmUp":10,"hrus":740,"subbasins":25,"outputTimestep":"Monthly","precipMethod":"Measured","watershedArea":8136.135,"swatVersion":"SWAT May 26   VER 2020/Rev 681"},"hydrology":{"warnings":["Water yield may be excessive"],"et":741.8,"pet":2064.6,"precipitation":1852.5,"averageCN":149.44543264535307,"surfaceRunoff":547.9,"lateralFlow":15.21,"returnFlow":474.86,"percolation":544.56,"revap":41.08,"recharge":27.23,"streamflowPrecipitation":0.5603076923076923,"baseflowTotalFlow":0.47214274015626656,"surfaceRunoffTotalFlow":0.5278572598437334,"percolationPrecipitation":0.29395951417004046,"deepRechargePrecipitation":0.014699055330634278,"etPrecipitation":0.40043184885290145,"monthlyBasinValues":[{"id":1,"mon":1,"rain":117.5,"snowFall":0.0,"surfQ":38.21,"latQ":1.04,"waterYield":85.2,"et":43.78,"sedYield":20.08,"pet":126.94},{"id":2,"mon":2,"rain":62.43,"snowFall":0.0,"surfQ":7.2,"latQ":0.74,"waterYield":40.65,"et":51.88,"sedYield":3.82,"pet":139.6},{"id":3,"mon":3,"rain":48.86,"snowFall":0.0,"surfQ":5.01,"latQ":0.53,"waterYield":23.41,"et":81.74,"sedYield":2.07,"pet":222.35},{"id":4,"mon":4,"rain":36.2,"snowFall":0.0,"surfQ":1.19,"latQ":0.38,"waterYield":9.28,"et":46.0,"sedYield":0.46,"pet":234.62},{"id":5,"mon":5,"rain":136.08,"snowFall":0.0,"surfQ":21.53,"latQ":0.66,"waterYield":28.77,"et":56.84,"sedYield":4.99,"pet":209.24},{"id":6,"mon":6,"rain":251.15,"snowFall":0.0,"surfQ":65.57,"latQ":1.54,"waterYield":87.02,"et":81.93,"sedYield":10.78,"pet":171.75},{"id":7,"mon":7,"rain":225.9,"snowFall":0.0,"surfQ":66.89,"latQ":1.73,"waterYield":112.09,"et":88.06,"sedYield":13.68,"pet":189.81},{"id":8,"mon":8,"rain":211.56,"snowFall":0.0,"surfQ":62.61,"latQ":1.78,"waterYield":119.83,"et":77.5,"sedYield":14.06,"pet":181.15},{"id":9,"mon":9,"rain":216.8,"snowFall":0.0,"surfQ":59.48,"latQ":1.85,"waterYield":121.46,"et":68.45,"sedYield":15.65,"pet":148.83},{"id":10,"mon":10,"rain":233.94,"snowFall":0.0,"surfQ":86.48,"latQ":2.08,"waterYield":162.07,"et":62.37,"sedYield":23.62,"pet":160.42},{"id":11,"mon":11,"rain":191.71,"snowFall":0.0,"surfQ":94.33,"latQ":1.63,"waterYield":170.56,"et":42.99,"sedYield":33.36,"pet":153.82},{"id":12,"mon":12,"rain":121.9,"snowFall":0.0,"surfQ":39.58,"latQ":1.27,"waterYield":105.77,"et":41.53,"sedYield":16.13,"pet":129.49},{"id":13,"mon":1,"rain":117.5,"snowFall":0.0,"surfQ":38.21,"latQ":1.04,"waterYield":85.2,"et":43.78,"sedYield":20.08,"pet":126.94},{"id":14,"mon":2,"rain":62.43,"snowFall":0.0,"surfQ":7.2,"latQ":0.74,"waterYield":40.65,"et":51.88,"sedYield":3.82,"pet":139.6},{"id":15,"mon":3,"rain":48.86,"snowFall":0.0,"surfQ":5.01,"latQ":0.53,"waterYield":23.41,"et":81.74,"sedYield":2.07,"pet":222.35},{"id":16,"mon":4,"rain":36.2,"snowFall":0.0,"surfQ":1.19,"latQ":0.38,"waterYield":9.28,"et":46.0,"sedYield":0.46,"pet":234.62},{"id":17,"mon":5,"rain":136.08,"snowFall":0.0,"surfQ":21.53,"latQ":0.66,"waterYield":28.77,"et":56.84,"sedYield":4.99,"pet":209.24},{"id":18,"mon":6,"rain":251.15,"snowFall":0.0,"surfQ":65.57,"latQ":1.54,"waterYield":87.02,"et":81.93,"sedYield":10.78,"pet":171.75},{"id":19,"mon":7,"rain":225.9,"snowFall":0.0,"surfQ":66.89,"latQ":1.73,"waterYield":112.09,"et":88.06,"sedYield":13.68,"pet":189.81},{"id":20,"mon":8,"rain":211.56,"snowFall":0.0,"surfQ":62.61,"latQ":1.78,"waterYield":119.83,"et":77.5,"sedYield":14.06,"pet":181.15},{"id":21,"mon":9,"rain":216.8,"snowFall":0.0,"surfQ":59.48,"latQ":1.85,"waterYield":121.46,"et":68.45,"sedYield":15.65,"pet":148.83},{"id":22,"mon":10,"rain":233.94,"snowFall":0.0,"surfQ":86.48,"latQ":2.08,"waterYield":162.07,"et":62.37,"sedYield":23.62,"pet":160.42},{"id":23,"mon":11,"rain":191.71,"snowFall":0.0,"surfQ":94.33,"latQ":1.63,"waterYield":170.56,"et":42.99,"sedYield":33.36,"pet":153.82},{"id":24,"mon":12,"rain":121.9,"snowFall":0.0,"surfQ":39.58,"latQ":1.27,"waterYield":105.77,"et":41.53,"sedYield":16.13,"pet":129.49}]},"sediment":{"warnings":["Average sediment yield is greater than 10 metric ton per ha. This is very high for a basin average.","Max sediment yield is greater than 50 metric ton per ha in at least one HRU. The highest value is from HRU#: 313, subbasin#: 22, crop: AGRR, soil: 17039"],"surfaceRunoff":547.9,"maxUplandSedimentYield":3200.72,"avgUplandSedimentYield":158.6,"inletSediment":0.0,"inStreamSedimentChange":-314.74712349525277},"nitrogenCycle":{"warnings":["Ammonia volatilization is less than 0.1% of the applied fertilizer amount","Nitrate is being removed from the soil profile, the simulation ends with 89.8% less"],"initialNO3":37.511,"finalNO3":3.827,"initialOrgN":3780.114,"finalOrgN":3466.103,"volatilization":0.0,"denitrification":1.552,"nH4InOrgNFertilizer":0.0,"nO3InOrgNFertilizer":35.883,"plantUptake":40.917,"nitrification":0.0,"mineralization":4.329,"totalFertilizerN":35.883,"orgNFertilizer":0.0,"activeToStableOrgN":-2.628,"residueMineralization":20.922,"avgAnnualByLandUse":[{"lulc":"AGRR","n_APP":0.0,"nauto":95.13872897196258,"ngrz":0.0,"ncfrt":0.0,"nrain":0.0,"nfix":0.0,"f_MN":43.92958878504674,"a_MN":4.934345794392523,"a_SN":-1.5915887850467292,"dnit":12.425719626168224,"nup":89.84002803738319,"orgn":32.812037383177554,"nsurq":3.353214953271028,"nlatq":0.29968224299065427,"nO3L":28.72688785046728,"nO3GW":0.3084205607476636},{"lulc":"BERM","n_APP":0.0,"nauto":143.60256249999998,"ngrz":0.0,"ncfrt":0.0,"nrain":0.0,"nfix":0.0,"f_MN":25.359562499999996,"a_MN":6.257500000000001,"a_SN":-2.77375,"dnit":3.6761250000000003,"nup":147.25050000000002,"orgn":10.6170625,"nsurq":4.6135,"nlatq":0.16643749999999996,"nO3L":12.602249999999998,"nO3GW":0.10087499999999999},{"lulc":"FRSD","n_APP":0.0,"nauto":0.0,"ngrz":0.0,"ncfrt":0.0,"nrain":0.0,"nfix":0.0,"f_MN":0.5673333333333334,"a_MN":5.860666666666667,"a_SN":-5.566999999999999,"dnit":0.08,"nup":2.9730000000000003,"orgn":2.2351666666666667,"nsurq":0.019833333333333335,"nlatq":0.0,"nO3L":3.265833333333333,"nO3GW":0.04766666666666666},{"lulc":"FRSE","n_APP":0.0,"nauto":0.0,"ngrz":0.0,"ncfrt":0.0,"nrain":0.0,"nfix":0.0,"f_MN":0.41370078740157457,"a_MN":3.731614173228347,"a_SN":-3.5364645669291326,"dnit":0.5064251968503937,"nup":2.3749370078740153,"orgn":5.933826771653545,"nsurq":0.007181102362204729,"nlatq":0.008700787401574796,"nO3L":1.1671023622047247,"nO3GW":0.019661417322834617},{"lulc":"RNGB","n_APP":0.0,"nauto":0.0,"ngrz":0.0,"ncfrt":0.0,"nrain":0.0,"nfix":0.0,"f_MN":0.3429056603773585,"a_MN":3.8740188679245295,"a_SN":-3.6867358490566025,"dnit":0.3948679245283019,"nup":2.257547169811321,"orgn":8.385566037735847,"nsurq":0.007377358490566042,"nlatq":0.006113207547169812,"nO3L":1.4905283018867916,"nO3GW":0.025037735849056598},{"lulc":"RNGE","n_APP":0.0,"nauto":0.0,"ngrz":0.0,"ncfrt":0.0,"nrain":0.0,"nfix":0.0,"f_MN":0.36626315789473685,"a_MN":3.834842105263158,"a_SN":-3.645026315789474,"dnit":0.23692105263157895,"nup":2.3673157894736847,"orgn":7.864131578947368,"nsurq":0.013184210526315795,"nlatq":0.002368421052631579,"nO3L":1.5250526315789472,"nO3GW":0.024184210526315787},{"lulc":"WATR","n_APP":0.0,"nauto":0.0,"ngrz":0.0,"ncfrt":0.0,"nrain":0.0,"nfix":0.0,"f_MN":0.0,"a_MN":0.0,"a_SN":0.0,"dnit":0.0,"nup":0.0,"orgn":0.0,"nsurq":0.0,"nlatq":0.0,"nO3L":0.0,"nO3GW":0.0},{"lulc":"WETF","n_APP":0.0,"nauto":0.0,"ngrz":0.0,"ncfrt":0.0,"nrain":0.0,"nfix":0.0,"f_MN":0.2650909090909091,"a_MN":3.0039999999999996,"a_SN":-2.8718181818181816,"dnit":0.30327272727272725,"nup":1.428909090909091,"orgn":6.970454545454545,"nsurq":0.008181818181818184,"nlatq":0.00036363636363636367,"nO3L":1.4847272727272731,"nO3GW":0.022272727272727274},{"lulc":"WETL","n_APP":0.0,"nauto":0.0,"ngrz":0.0,"ncfrt":0.0,"nrain":0.0,"nfix":0.0,"f_MN":0.29433333333333334,"a_MN":3.5573333333333323,"a_SN":-3.391666666666666,"dnit":0.2015,"nup":1.6911666666666667,"orgn":7.151666666666667,"nsurq":0.010833333333333334,"nlatq":0.0003333333333333333,"nO3L":1.9024999999999999,"nO3GW":0.029333333333333336}],"avgAnnualDefinitions":{"lulc":"Cover/plant character code","n_APP":"Nitrogen fertilizer applied (kg N/ha)","nauto":"Nitrogen fertilizer auto-applied (kg N/ha)","ngrz":"Nitrogen applied during grazing operation (kg N/ha)","ncfrt":"Nitrogen applied during continuous fertilizer operation (kg N/ha)","nrain":"Nitrate added to soil profile by rain (kg N/ha)","nfix":"Nitrogen fixation (kg N/ha)","f_MN":"Fresh organic to mineral N (kg N/ha)","a_MN":"Active organic to mineral N (kg N/ha)","a_SN":"Active organic to stable organic N (kg N/ha)","dnit":"Denitrification (kg N/ha)","nup":"Plant uptake of nitrogen (kg N/ha)","orgn":"Organic N yield (kg N/ha)","nsurq":"NO3 in surface runoff (kg N/ha)","nlatq":"NO3 in lateral flow (kg N/ha)","nO3L":"NO3 leached from the soil profile (kg N/ha)","nO3GW":"NO3 transported into main channel in the groundwater loading from the HRU (kg N/ha)"}},"phosphorusCycle":{"warnings":[],"initialMinP":1596.533,"finalMinP":1406.833,"initialOrgP":463.064,"finalOrgP":418.504,"totalFertilizerP":0.0,"inOrgPFertilizer":0.0,"plantUptake":4.823,"orgPFertilizer":0.0,"residueMineralization":2.334,"mineralization":0.733,"activeSolution":-2.448,"stableActive":-2.364,"avgAnnualByLandUse":[{"lulc":"AGRR","p_APP":0.0,"pauto":0.0,"pgrz":0.0,"pcfrt":0.0,"f_MP":4.761523364485982,"aO_LP":0.8332242990654206,"l_AP":-5.348682242990656,"a_SP":-5.375495327102803,"pup":9.95061682242991,"orgp":3.7221869158878493,"sedp":4.335757009345795,"solp":0.10641121495327108,"p_GW":0.0},{"lulc":"BERM","p_APP":0.0,"pauto":0.0,"pgrz":0.0,"pcfrt":0.0,"f_MP":5.1098125,"aO_LP":1.074625,"l_AP":-21.579375,"a_SP":-19.74925,"pup":27.3025625,"orgp":1.5303749999999998,"sedp":2.397625,"solp":0.13737500000000002,"p_GW":0.0},{"lulc":"FRSD","p_APP":0.0,"pauto":0.0,"pgrz":0.0,"pcfrt":0.0,"f_MP":0.31983333333333336,"aO_LP":0.9968333333333333,"l_AP":-0.3368333333333333,"a_SP":-0.2771666666666666,"pup":1.0476666666666665,"orgp":0.2791666666666667,"sedp":0.6263333333333333,"solp":0.08266666666666667,"p_GW":0.0},{"lulc":"FRSE","p_APP":0.0,"pauto":0.0,"pgrz":0.0,"pcfrt":0.0,"f_MP":0.25219685039370077,"aO_LP":0.6350314960629927,"l_AP":-0.3730551181102364,"a_SP":-0.24383464566929147,"pup":0.9043149606299212,"orgp":0.7489763779527563,"sedp":2.1223385826771657,"solp":0.021204724409448778,"p_GW":0.0},{"lulc":"RNGB","p_APP":0.0,"pauto":0.0,"pgrz":0.0,"pcfrt":0.0,"f_MP":0.08350943396226414,"aO_LP":0.6580943396226415,"l_AP":-0.10669811320754716,"a_SP":0.020792452830188695,"pup":0.5497924528301888,"orgp":1.0287358490566036,"sedp":2.7964528301886795,"solp":0.01284905660377359,"p_GW":0.0},{"lulc":"RNGE","p_APP":0.0,"pauto":0.0,"pgrz":0.0,"pcfrt":0.0,"f_MP":0.09005263157894734,"aO_LP":0.6514736842105262,"l_AP":-0.12171052631578948,"a_SP":0.0028947368421052564,"pup":0.582605263157895,"orgp":0.965421052631579,"sedp":2.6651842105263155,"solp":0.019631578947368427,"p_GW":0.0},{"lulc":"WATR","p_APP":0.0,"pauto":0.0,"pgrz":0.0,"pcfrt":0.0,"f_MP":0.0,"aO_LP":0.0,"l_AP":0.0,"a_SP":0.0,"pup":0.0,"orgp":0.0,"sedp":0.0,"solp":0.0,"p_GW":0.0},{"lulc":"WETF","p_APP":0.0,"pauto":0.0,"pgrz":0.0,"pcfrt":0.0,"f_MP":0.0976363636363636,"aO_LP":0.5104545454545455,"l_AP":-0.16699999999999998,"a_SP":-0.04418181818181818,"pup":0.5276363636363637,"orgp":0.8559999999999999,"sedp":2.823818181818182,"solp":0.01845454545454546,"p_GW":0.0},{"lulc":"WETL","p_APP":0.0,"pauto":0.0,"pgrz":0.0,"pcfrt":0.0,"f_MP":0.107,"aO_LP":0.6044999999999999,"l_AP":-0.20416666666666664,"a_SP":-0.08216666666666667,"pup":0.6148333333333333,"orgp":0.8756666666666667,"sedp":2.4723333333333333,"solp":0.02766666666666667,"p_GW":0.0}],"avgAnnualDefinitions":{"lulc":"Cover/plant character code","p_APP":"Phosphorus fertilizer applied (kg P/ha)","pauto":"Phosphorus fertilizer auto-applied (kg P/ha)","pgrz":"Phosphorus applied during grazing operation (kg P/ha)","pcfrt":"Phosphorus applied during continuous fertilizer operation (kg P/ha)","f_MP":"Fresh organic to mineral P (kg P/ha)","aO_LP":"Organic to labile mineral P (kg P/ha)","l_AP":"Labile to active mineral P (kg P/ha)","a_SP":"Active to stable P (kg P/ha)","pup":"Plant uptake of phosphorus (kg P/ha)","orgp":"Organic P yield (kg P/ha)","sedp":"Sediment P yield (kg P/ha)","solp":"Soluble P yield (kg P/ha)","p_GW":"Soluble phosphorus transported by groundwater flow into main channel during the time step (kg P/ha)"}},"plantGrowth":{"warnings":["More than 100 days of nitrogen stress","Unusually low phosphorus stress"],"tempStressDays":0.57,"waterStressDays":48.08,"nStressDays":79.05,"pStressDays":0.08,"avgBiomass":9.165921026654543,"avgYield":3.8424550572231126,"nRemoved":12.908,"pRemoved":1.701,"totalFertilizerN":35.883,"totalFertilizerP":0.0,"plantUptakeN":40.917,"plantUptakeP":4.823},"landscapeNutrientLosses":{"warnings":["Total nitrogen losses are greater than 40% of applied N","Solubility ratio for nitrogen in runoff is low","Solubility ratio for phosphorus in runoff is low, may indicate a problem"],"nLosses":{"totalLoss":30.343999999999998,"orgN":15.701,"surfaceRunoff":1.608,"leached":12.873,"lateralFlow":0.038,"groundwaterYield":0.124,"solubilityRatio":0.09289964758218268},"pLosses":{"totalLoss":1.861,"orgP":1.792,"surfaceRunoff":0.069,"solubilityRatio":0.03707684040838259}},"landUseSummary":{"warnings":["Crop AGRR: sediment yield may be too high","Crop AGRR: surface runoff may be excessive","Crop BERM: sediment yield may be too high","Crop BERM: surface runoff may be excessive","Crop BERM: less than 22% of water yield is baseflow","Crop FRSE: sediment yield may be too high","Crop FRSE: surface runoff may be excessive","Crop RNGB: sediment yield may be too high","Crop RNGB:  biomass may be too low 0.73 mg/ha","Crop RNGE: sediment yield may be too high","Crop RNGE: surface runoff may be excessive","Crop RNGE:  biomass may be too low 0.58 mg/ha","Crop WETF: sediment yield may be too high","Crop WETL: sediment yield may be too high","Crop WETL: surface runoff may be excessive"],"hruLevelWarnings":[],"landUseRows":[{"landUse":"AGRR","area":5320.609100000002,"cn":84.60366913630244,"awc":138.71430915682186,"uslE_LS":1.2041876352089076,"irr":0.0,"prec":1844.8832009158489,"surq":760.464961497171,"gwq":223.14688693856482,"et":804.9288441533879,"sed":285.65494053678924,"nO3":4.99160806288137,"orgn":37.83148826005651,"biom":9.276263783407801,"yld":2.5528250502371974},{"landUse":"BERM","area":18.986600000000003,"cn":81.60248153961211,"awc":142.25348403610968,"uslE_LS":0.719842941864262,"irr":0.0,"prec":1835.5352171531497,"surq":825.9988029452348,"gwq":124.02940105126773,"et":835.2036983978172,"sed":43.2187492231363,"nO3":4.49256707362034,"orgn":10.362905522842425,"biom":10.852797867970036,"yld":7.7251889227139126},{"landUse":"FRSD","area":44.587999999999994,"cn":67.52659908495559,"awc":150.00000000000003,"uslE_LS":0.1428626536287791,"irr":0.0,"prec":1861.2000000000003,"surq":407.660191979905,"gwq":459.64368798779935,"et":918.7768260518526,"sed":1.155540504171526,"nO3":0.02111868664214587,"orgn":2.7546900511348342,"biom":3.4588786220507766,"yld":2.423417062886876},{"landUse":"FRSE","area":9735.814400000005,"cn":69.47540752214826,"awc":72.49574108561474,"uslE_LS":1.8512785609388758,"irr":0.0,"prec":1867.6169840070072,"surq":448.0763212815562,"gwq":634.9344317732681,"et":704.6152791741794,"sed":95.02445127014738,"nO3":0.01001798247098876,"orgn":4.749117985240144,"biom":2.467957008917508,"yld":1.7270300462999786},{"landUse":"RNGB","area":849.9711999999995,"cn":70.86370926450218,"awc":91.64911046397812,"uslE_LS":0.958331868185652,"irr":0.0,"prec":1764.6317366847268,"surq":419.55855092384337,"gwq":557.1957419404331,"et":709.9453504977585,"sed":130.1589367263268,"nO3":0.008736716020495758,"orgn":6.842249406803437,"biom":0.7253619110859288,"yld":0.5061957675742429},{"landUse":"RNGE","area":191.40194,"cn":79.7085539467364,"awc":60.414793078899834,"uslE_LS":0.8269102267197502,"irr":0.0,"prec":1697.3789654514467,"surq":513.7723192001085,"gwq":494.9024617315789,"et":615.7470380665943,"sed":114.48578014413016,"nO3":0.010332243236406066,"orgn":7.400081763016612,"biom":0.5780967852258968,"yld":0.40606886220693483},{"landUse":"WATR","area":72.668,"cn":91.99999999999999,"awc":150.0,"uslE_LS":0.1790840535036054,"irr":0.0,"prec":1862.8473842681783,"surq":0.0,"gwq":0.0,"et":1623.0299014696975,"sed":0.0,"nO3":0.0,"orgn":0.0,"biom":0.0,"yld":0.0},{"landUse":"WETF","area":32.2693,"cn":73.93764041984177,"awc":121.58626930240199,"uslE_LS":0.6015343995686303,"irr":0.0,"prec":1799.338967284695,"surq":467.7469590601593,"gwq":424.8472842299027,"et":834.8225967715443,"sed":60.084797872900864,"nO3":0.014118682462898172,"orgn":8.970343236450745,"biom":3.102286879479877,"yld":3.102286879479877},{"landUse":"WETL","area":3.1222,"cn":78.59996156556274,"awc":120.58843123438601,"uslE_LS":0.5565229645762602,"irr":0.0,"prec":1823.1741842290696,"surq":559.1327961053104,"gwq":391.68464544231637,"et":802.28431234386,"sed":51.200863493690356,"nO3":0.023912625712638528,"orgn":9.038472871693036,"biom":1.4891960796873998,"yld":1.0542822368842484}]},"instreamProcesses":{"warnings":["More than 95% of sediment is deposited instream"],"reaches":[{"id":1,"sediment":83.76085676431622,"phosphorus":97.74498811249525,"nitrogen":94.01389240213301},{"id":2,"sediment":96.95040882032751,"phosphorus":99.91060145355414,"nitrogen":99.88658577250463},{"id":3,"sediment":95.9768568966539,"phosphorus":99.87305232126081,"nitrogen":99.84173557252294},{"id":4,"sediment":68.46511720380937,"phosphorus":92.45229435527504,"nitrogen":83.42265128386745},{"id":5,"sediment":65.38114951251076,"phosphorus":98.58474552689428,"nitrogen":97.87245720831352},{"id":6,"sediment":78.80176324261048,"phosphorus":93.6534807513317,"nitrogen":90.802097069768},{"id":7,"sediment":8.375946095624885,"phosphorus":97.62783775802974,"nitrogen":96.41331931455652},{"id":8,"sediment":92.5352172617781,"phosphorus":97.18956674507237,"nitrogen":98.55812672017395},{"id":9,"sediment":25.083807878672538,"phosphorus":97.59039460346244,"nitrogen":96.23662690718837},{"id":10,"sediment":25.201343249164072,"phosphorus":99.19415561891385,"nitrogen":98.40859831851131},{"id":11,"sediment":7.33555404598021,"phosphorus":98.80524815660732,"nitrogen":98.83540188340795},{"id":12,"sediment":99.13438027119264,"phosphorus":99.85303926745284,"nitrogen":99.84829051219533},{"id":13,"sediment":7.555187418800316,"phosphorus":99.1341609816611,"nitrogen":97.79967823665167},{"id":14,"sediment":4.227296474090429,"phosphorus":95.98205587569285,"nitrogen":97.47920770829597},{"id":15,"sediment":94.37139414104573,"phosphorus":96.81849622324185,"nitrogen":98.5322718971379},{"id":16,"sediment":85.41014133947873,"phosphorus":93.50266791633312,"nitrogen":92.79425469282815},{"id":17,"sediment":1.1862393465909091,"phosphorus":92.48687319716046,"nitrogen":93.14468122888783},{"id":18,"sediment":1.4150013799688201,"phosphorus":98.20947260102189,"nitrogen":98.91172199176877},{"id":19,"sediment":93.97544888690895,"phosphorus":96.64408231685667,"nitrogen":98.52761625391845},{"id":20,"sediment":99.20840917168367,"phosphorus":99.85465831656111,"nitrogen":99.85781641319547},{"id":21,"sediment":0.9276533647639895,"phosphorus":94.41557685868777,"nitrogen":93.98430161835685},{"id":22,"sediment":98.13410523307809,"phosphorus":99.60715520748903,"nitrogen":99.64865540018607},{"id":23,"sediment":89.27410081727024,"phosphorus":92.5936106993286,"nitrogen":95.93633186601367},{"id":24,"sediment":96.97657956476013,"phosphorus":99.23094245417008,"nitrogen":99.33183023993747},{"id":25,"sediment":92.95162112714075,"phosphorus":96.75761180763975,"nitrogen":97.6954448974651}],"uplandSedimentYield":158.6,"instreamSedimentChange":-314.74712349525277,"channelErosion":null,"channelDeposition":198.45341960608624,"totalN":-10.090314196024453,"totalP":-7.179694361922552,"totalStreamflowLosses":1.9341287218929222,"evaporationLoss":1.9341287218929222,"seepageLoss":0.0},"pointSources":{"warnings":["Inlets/point source not present"],"subbasinLoad":{"flow":831.8153230313852,"sediment":372580326.66666675,"nitrogen":43686328.666666664,"phosphorus":13080530.495238097},"pointSourceInletLoad":{"flow":0.0,"sediment":0.0,"nitrogen":0.0,"phosphorus":0.0},"fromInletAndPointSource":{"flow":0.0,"sediment":0.0,"nitrogen":0.0,"phosphorus":0.0}},"reservoirs":{"warnings":["No output.rsv data available."],"reservoirRows":[],"avgTrappingEfficiencies":{"sediment":null,"phosphorus":null,"nitrogen":null},"avgWaterLosses":{"totalRemoved":null,"evaporation":null,"seepage":null},"avgReservoirTrends":{"numberReservoirs":0,"maxVolume":null,"minVolume":null,"fractionEmpty":null}}}