<?xml version="1.0" encoding="UTF-8"?>
<metadata xml:lang="en"><Esri><CreaDate>20250908</CreaDate><CreaTime>19151500</CreaTime><ArcGISFormat>1.0</ArcGISFormat><SyncOnce>TRUE</SyncOnce><DataProperties><lineage><Process ToolSource="c:\program files (x86)\arcgis\desktop10.8\ArcToolbox\Toolboxes\Spatial Analyst Tools.tbx\Fill" Date="20250907" Time="175603">Fill bz_mriver_ws_dem_srtm30m_utm_burn0.tif C:\gis\temp_2025\bz_monkey_river\bz_mriver_ws_dem_srtm30m_utm_burn.tif #</Process></lineage><itemProps><itemLocation><linkage Sync="TRUE">file://\\WARMACHINEII\C$\gis\temp_2025\bz_monkey_river_nspect2\bz_mriver_ws_dem_srtm30m_utm_burn.tif</linkage><protocol Sync="TRUE">Local Area Network</protocol></itemLocation></itemProps><copyHistory><copy source="C:\gis\temp_2025\bz_monkey_river\bz_mriver_ws_dem_srtm30m_utm_burn.tif" dest="\\WARMACHINEII\C$\gis\temp_2025\bz_monkey_river_nspect2\bz_mriver_ws_dem_srtm30m_utm_burn.tif" date="20250908" time="19151500"></copy></copyHistory></DataProperties></Esri></metadata>
